cruise,permit,year,observer,vessel_name,gear_desc,haul_date,haul,size_est,visual_cue,total_haul_pss,census,sex_obs,photo_taken,wt,pcl,specimen_yn,specimen_num,notes,notes2,trip_join,haul_join,nmfs_area,gear,gear_description,performance,performance_description,official_total_catch_mt,vessel,vessel_length_ft,ifq_flag,duration_min,bottom_depth_fathoms,fishing_depth_fathoms,lat_dd_start,lon_dd_start,lat_dd_end,lon_dd_end,t_table,haul_seq,sample_type,percent_retained,date_of_entry,species_code,species_name,sex,sample_size,sample_number,sample_weight_kg,extrapolated_number,extrapolated_weight_kg,received_from_norpac,loaded_to_repository,sampID,ncf_lat,ncf_lon
23175,33989,2019,Tyler Allen,Blue North,NA,2019-01-14,5,M,"4,2",1,NA,NA,NA,NA,NA,N,NA,Deck form pg. 3,NA,'23175033989000000023','23175033989000002080',521,8,LONGLINER,1,NO PROBLEM,38.81,77788,191,N,835.2,60,NA,59.15333,-173.255,59.15667,-173.26667,ATL,2080,B,0,30-Dec-21,62,PACIFIC SLEEPER SHARK,NA,11169,1,0,3,43.35,11-Jul-22,13-Jul-22,62_2019_23175_33989_5_1,59.1756050689,-173.16262232
25404,33320,2022,Sarah Atkins,Nothern Leader,NA,2022-02-19,15,S,2,1,NA,NA,NA,NA,NA,NA,NA,I have premeasured points for halibut and the whole shark came out of the water. total length est: 86cm,NA,'25404033320000000003','25404033320000000015',517,8,LONGLINER,1,NO PROBLEM,44.09,A715,184,N,972,77,NA,55.47833,-167.81,55.47667,-167.79,ATL,15,L,0,17-May-22,62,PACIFIC SLEEPER SHARK,NA,11007,1,14.84,4,65.96,11-Jul-22,13-Jul-22,62_2022_25404_33320_15_2,55.4627154055,-167.844524472
22410,33320,2018,Dan Garatea,Northern Leader,NA,2018-01-26,18,L,2,1,Y,NA,NA,NA,NA,N,NA,animal broadside XXXXXX hook spacing of 1.2m,NA,'22410033320000000030','22410033320000001148',521,8,LONGLINER,1,NO PROBLEM,66.75,A715,184,N,1386,61,NA,59.635,-174.28,59.64,-174.315,ATL,1148,B,0,29-Dec-21,62,PACIFIC SLEEPER SHARK,NA,7749,1,0,7,87.88,11-Jul-22,13-Jul-22,62_2018_22410_33320_18_3,59.6377116406,-174.403501136
22416,372,2018,Nick Paxton,US Liberator,NA,2018-01-21,25,L,NA,1,Y,NA,NA,NA,NA,N,NA,"broke off at surface, used hook spacing to est length",NA,'22416000372000000016','22416000372000001126',524,8,LONGLINER,1,NO PROBLEM,37.44,A023,162,N,1681.8,86,NA,60.24833,-178.15167,60.15333,-178.415,ATL,1126,B,0,29-Dec-21,62,PACIFIC SLEEPER SHARK,NA,7446,1,8.8,4,30.8,11-Jul-22,13-Jul-22,62_2018_22416_372_25_4,60.1710466322,-178.400742599
23989,6323,2020,Sara Bunker,Bristol Leader,NA,2020-02-27,25,S,2,1,Y,NA,NA,NA,NA,NA,NA,Only shark in haul- dropped off line- not able to measure in hand,NA,'23989006323000000002','23989006323000000025',523,8,LONGLINER,1,NO PROBLEM,54.75,A660,167,N,1315.2,78,NA,56.59,-172.75,56.585,-172.77333,ATL,25,B,0,30-Dec-21,62,PACIFIC SLEEPER SHARK,NA,18300,1,12.14,3,42.07,11-Jul-22,13-Jul-22,62_2020_23989_6323_25_5,56.5529567938,-172.629801221
23989,6323,2020,Sara Bunker,Bristol Leader,NA,2020-03-05,31,M,2,1,Y,NA,NA,NA,NA,NA,NA,Only shark in haul- dropped off line- not able to measure in hand,NA,'23989006323000000002','23989006323000000031',521,8,LONGLINER,1,NO PROBLEM,49.46,A660,167,N,1378.2,72,NA,56.74333,-172.82,56.90667,-172.865,ATL,31,B,0,30-Dec-21,62,PACIFIC SLEEPER SHARK,NA,18225,1,12.14,3,42.07,11-Jul-22,13-Jul-22,62_2020_23989_6323_31_6,56.8973144976,-172.811922553
23129,372,2019,Sarah Atkins,US Liberator,NA,2019-01-28,38,L,9,1,NA,NA,NA,NA,NA,N,NA,NA,NA,'23129000372000000009','23129000372000000400',521,8,LONGLINER,1,NO PROBLEM,18.89,A023,162,N,1555.2,54,NA,57.545,-171.33333,57.29,-171.53333,ATL,400,B,0,30-Dec-21,62,PACIFIC SLEEPER SHARK,NA,3930,1,0,7,97.53,11-Jul-22,13-Jul-22,62_2019_23129_372_38_7,57.3659240212,-171.566190503
23129,372,2019,Sarah Atkins,US Liberator,NA,2019-01-30,42,M,10,1,NA,NA,NA,NA,NA,N,NA,NA,NA,'23129000372000000009','23129000372000000408',521,8,LONGLINER,1,NO PROBLEM,37.53,A023,162,N,1308,50,NA,57.37,-171.275,57.65,-171.09833,ATL,408,B,0,30-Dec-21,62,PACIFIC SLEEPER SHARK,NA,3924,1,0,7,102.18,11-Jul-22,13-Jul-22,62_2019_23129_372_42_8,57.6190098425,-171.092876517
23989,6323,2020,Sara Bunker,Bristol Leader,NA,2020-03-23,45,S,2,1,Y,1,N,12.03,107,N,NA,Only shark in haul. Brought up by rollerman (?) and measured in hand,NA,'23989006323000000004','23989006323000000045',521,8,LONGLINER,8,CONSIDERABLE KILLER WHALE PR,52.28,A660,167,N,1413,74,NA,59.11667,-176,59.11667,-176.02333,ATL,45,B,0,30-Dec-21,62,PACIFIC SLEEPER SHARK,NA,14784,1,12.03,4,53.6,11-Jul-22,13-Jul-22,62_2020_23989_6323_45_9,59.1759036914,-176.036056827
24346,511,2020,Ryan Partain,Great Pacific,NA,2020-07-08,45,S,1,1,Y,2,N,42.02,NA,N,NA,"entanged in codend rope, not all data collected",NA,'24346000511000000012','24346000511000000012',509,2,PELAGIC,1,NO PROBLEM,31,A382,124,N,750,54,44,55.81667,-164.86667,55.9,-164.98333,ATL,12,B,0,31-Mar-22,62,PACIFIC SLEEPER SHARK,NA,160,1,42.02,1,42.02,11-Jul-22,13-Jul-22,62_2020_24346_511_45_10,55.8676642175,-164.896083078
22536,6323,2018,Elanor Wolff,Bristol Leader,NA,2018-03-01,46,M,2,NA,Y,NA,NA,NA,NA,N,NA,est by dist between gangions,NA,'22536006323000000018','22536006323000000664',521,8,LONGLINER,1,NO PROBLEM,14.12,A660,167,N,543,73,NA,59.57167,-175.5,59.585,-175.52667,ATL,664,B,0,30-Dec-21,62,PACIFIC SLEEPER SHARK,NA,10737,1,6.49,2,14.42,11-Jul-22,13-Jul-22,62_2018_22536_6323_46_11,59.6145987467,-175.685383421
24346,511,2020,Ryan Partain,Great Pacific,NA,2020-07-12,49,S,1,2,Y,2,N,5.2,66,Y,31,NA,NA,'24346000511000000012','24346000511000000016',519,2,PELAGIC,1,NO PROBLEM,9,A382,124,N,411,180,166,54.65,-165.63333,54.33333,-165.9,ATL,16,B,0,31-Mar-22,62,PACIFIC SLEEPER SHARK,NA,50,2,14.2,2,14.2,11-Jul-22,13-Jul-22,62_2020_24346_511_49_12,54.4076752114,-165.833839756
24346,511,2020,Ryan Partain,Great Pacific,NA,2020-07-12,49,S,1,2,Y,2,N,9,87,Y,31,NA,NA,'24346000511000000012','24346000511000000016',519,2,PELAGIC,1,NO PROBLEM,9,A382,124,N,411,180,166,54.65,-165.63333,54.33333,-165.9,ATL,16,B,0,31-Mar-22,62,PACIFIC SLEEPER SHARK,NA,50,2,14.2,2,14.2,11-Jul-22,13-Jul-22,62_2020_24346_511_49_13,54.4076752114,-165.833839756
25333,4635,2022,Alejandra Palacios (?),Defender,NA,2022-02-25,50,M,NA,1,NA,2,N,NA,NA,N,NA,Total length collected only (184cm),NA,'25333004635000000008','25333004635000000051',521,1,NON PELAGIC,1,NO PROBLEM,5.64,A486,123,N,226.8,53,50,57.73167,-171.48833,57.57667,-171.45667,ATL,51,B,0,13-May-22,62,PACIFIC SLEEPER SHARK,NA,203,1,63.82,1,63.82,11-Jul-22,13-Jul-22,62_2022_25333_4635_50_14,57.665703056,-171.417073533
23175,33989,2019,Tyler Allen,Blue North,NA,2019-02-16,53,M,"2,10",1,NA,NA,NA,NA,NA,N,NA,Deck form pg. 167,NA,'23175033989000000024','23175033989000002178',521,8,LONGLINER,1,NO PROBLEM,27.69,77788,191,N,1225.2,58,NA,58.68333,-172.365,58.685,-173.00167,ATL,2178,B,0,30-Dec-21,62,PACIFIC SLEEPER SHARK,NA,11466,1,0,3,41.8,11-Jul-22,13-Jul-22,62_2019_23175_33989_53_15,58.6607023552,-172.867456711
23989,6323,2020,Sara Bunker,Bristol Leader,NA,2020-03-31,54,S,2,1,Y,NA,NA,NA,NA,NA,NA,Only shark in haul- dropped off line- not able to measure in hand,NA,'23989006323000000004','23989006323000000054',521,8,LONGLINER,1,NO PROBLEM,44.01,A660,167,N,1350,72,NA,58.78,-175.82167,58.76667,-175.89167,ATL,54,B,0,30-Dec-21,62,PACIFIC SLEEPER SHARK,NA,22176,1,12.14,3,35.06,11-Jul-22,13-Jul-22,62_2020_23989_6323_54_16,58.8374055341,-175.809625765
24304,3011,2020,Lauren Kabot,Ocean Explorer,NA,2020-06-24,60,S,NA,1,NA,NA,NA,5.2,82,NA,NA,"Photos: 0102-0105, forgot to look at sex, might be in photo",NA,'24304003011000000001','24304003011000000005',519,2,PELAGIC,1,NO PROBLEM,30,A004,155,N,400.2,140,128,54.68444,-165.49694,54.41194,-165.75472,ATL,5,B,0,24-Jun-20,62,PACIFIC SLEEPER SHARK,NA,150,1,5.2,1,5.2,11-Jul-22,13-Jul-22,62_2020_24304_3011_60_17,54.4076752114,-165.833839756
22536,6323,2018,Elanor Wolff,Bristol Leader,NA,2018-03-16,61,M,2,NA,Y,NA,NA,NA,NA,N,NA,est by dist between gangions,NA,'22536006323000000018','22536006323000000696',521,8,LONGLINER,1,NO PROBLEM,56.5,A660,167,N,2020.2,74,NA,59.14833,-175.39833,59.30667,-175.375,ATL,696,B,0,30-Dec-21,62,PACIFIC SLEEPER SHARK,NA,21672,3,19.47,10,62.74,11-Jul-22,13-Jul-22,62_2018_22536_6323_61_18,59.2755659646,-175.459530884
22536,6323,2018,Elanor Wolff,Bristol Leader,NA,2018-03-16,61,M,2,NA,Y,NA,NA,NA,NA,N,NA,est by dist between gangions,NA,'22536006323000000018','22536006323000000696',521,8,LONGLINER,1,NO PROBLEM,56.5,A660,167,N,2020.2,74,NA,59.14833,-175.39833,59.30667,-175.375,ATL,696,B,0,30-Dec-21,62,PACIFIC SLEEPER SHARK,NA,21672,3,19.47,10,62.74,11-Jul-22,13-Jul-22,62_2018_22536_6323_61_19,59.2755659646,-175.459530884
22536,6323,2018,Elanor Wolff,Bristol Leader,NA,2018-03-16,61,M,2,NA,Y,NA,NA,NA,NA,N,NA,est by dist between gangions,NA,'22536006323000000018','22536006323000000696',521,8,LONGLINER,1,NO PROBLEM,56.5,A660,167,N,2020.2,74,NA,59.14833,-175.39833,59.30667,-175.375,ATL,696,B,0,30-Dec-21,62,PACIFIC SLEEPER SHARK,NA,21672,3,19.47,10,62.74,11-Jul-22,13-Jul-22,62_2018_22536_6323_61_20,59.2755659646,-175.459530884
24342,417,2020,Josephine Padgett,Starward,NA,2020-07-16,69,S,NA,2,Y,2,NA,15,95,Y,"69001, 69002","Both same length, this one weighed more",NA,'24342000417000000012','24342000417000000021',521,2,PELAGIC,1,NO PROBLEM,40,A138,123,N,576,59,50,57.7,-172.34833,57.69667,-172.34333,ATL,21,B,100,16-Jul-20,62,PACIFIC SLEEPER SHARK,NA,131,2,25.6,2,25.6,11-Jul-22,13-Jul-22,62_2020_24342_417_69_21,57.6284016315,-172.302914654
24342,417,2020,Josephine Padgett,Starward,NA,2020-07-16,69,S,NA,2,Y,2,NA,NA,95,NA,NA,NA,NA,'24342000417000000012','24342000417000000021',521,2,PELAGIC,1,NO PROBLEM,40,A138,123,N,576,59,50,57.7,-172.34833,57.69667,-172.34333,ATL,21,B,100,16-Jul-20,62,PACIFIC SLEEPER SHARK,NA,131,2,25.6,2,25.6,11-Jul-22,13-Jul-22,62_2020_24342_417_69_22,57.6284016315,-172.302914654
22350,4463,2018,Tyler Allen,Clipper Eric,NA,2018-02-19,70,M,2,1,Y,NA,NA,NA,NA,N,NA,NA,NA,'22350004463000000016','22350004463000001256',513,8,LONGLINER,1,NO PROBLEM,40.25,A580,172,N,1435.2,54,NA,56.45667,-166.87833,56.65333,-166.87833,ATL,1256,B,0,29-Dec-21,62,PACIFIC SLEEPER SHARK,NA,3852,1,0,5,64.08,11-Jul-22,13-Jul-22,62_2018_22350_4463_70_23,56.5846336136,-166.834261533
23989,6323,2020,Sara Bunker,Bristol Leader,NA,2020-04-20,71,S,2,1,Y,NA,NA,NA,NA,NA,NA,Only shark in haul- dropped off line- not able to measure in hand,NA,'23989006323000000005','23989006323000000071',521,8,LONGLINER,1,NO PROBLEM,65.04,A660,167,N,1324.2,67,NA,58.98667,-174.035,58.98667,-174.035,ATL,71,B,0,30-Dec-21,62,PACIFIC SLEEPER SHARK,NA,20448,1,12.14,3,35.06,11-Jul-22,13-Jul-22,62_2020_23989_6323_71_24,58.95499746,-173.98162971
22569,29997,2018,Lauren Eaken,Bering Leader,NA,2018-04-10,76,S,13,1,Y,NA,NA,NA,NA,N,NA,NA,NA,'22569029997000000017','22569029997000000478',521,8,LONGLINER,1,NO PROBLEM,57.27,A697,124,N,2010,69,NA,59.00333,-174.25833,58.99833,-174.28167,ATL,478,B,0,30-Dec-21,62,PACIFIC SLEEPER SHARK,NA,21660,1,0,3,38.45,11-Jul-22,13-Jul-22,62_2018_22569_29997_76_25,58.9940687943,-174.32215175
23989,6323,2020,Sara Bunker,Bristol Leader,NA,2020-04-25,76,S,2,1,Y,2,N,12.24,97,N,NA,Only shark in haul. Brought up by dipnetter and measured and weighed in hand.,NA,'23989006323000000005','23989006323000000076',521,8,LONGLINER,1,NO PROBLEM,33.01,A660,167,N,1422,61,NA,58.91167,-173.11833,58.86167,-173.21833,ATL,76,B,0,30-Dec-21,62,PACIFIC SLEEPER SHARK,NA,20124,1,12.24,3,40.45,11-Jul-22,13-Jul-22,62_2020_23989_6323_76_26,58.874174162,-173.302967705
24304,3011,2020,Lauren Kabot,Ocean Explorer,NA,2020-07-07,76,S,NA,1,NA,NA,NA,NA,100,NA,NA,Photos: 0111-0113 could not weigh,NA,'24304003011000000005','24304003011000000021',517,2,PELAGIC,1,NO PROBLEM,50,A004,155,N,639,123,110,54.44222,-165.67611,54.52722,-165.63278,ATL,21,B,0,7-Jul-20,62,PACIFIC SLEEPER SHARK,NA,236,1,12.01,1,12.01,11-Jul-22,13-Jul-22,62_2020_24304_3011_76_27,54.5235072258,-165.598110996
23989,6323,2020,Sara Bunker,Bristol Leader,NA,2020-05-01,82,M,2,1,Y,NA,NA,NA,NA,NA,NA,Only shark in haul- dropped off line- not able to measure in hand,NA,'23989006323000000005','23989006323000000082',521,8,LONGLINER,1,NO PROBLEM,51.89,A660,167,N,1323,62,NA,59.11667,-173.78333,59.11667,-173.72667,ATL,82,B,0,30-Dec-21,62,PACIFIC SLEEPER SHARK,NA,22460,1,12.14,3,33.98,11-Jul-22,13-Jul-22,62_2020_23989_6323_82_28,59.086132331,-173.743937666
22536,6323,2018,Elanor Wolff,Bristol Leader,NA,2018-04-13,91,S,NA,NA,Y,1,NA,6.49,80,N,NA,NA,NA,'22536006323000000019','22536006323000000754',521,8,LONGLINER,1,NO PROBLEM,49.12,A660,167,N,1566,61,NA,58.21,-173.535,58.20833,-173.57,ATL,754,B,0,30-Dec-21,62,PACIFIC SLEEPER SHARK,NA,14400,1,6.49,4,23.8,11-Jul-22,13-Jul-22,62_2018_22536_6323_91_29,58.270699806,-173.576351757
23410,33320,2019,Grant Burns,Northern Leader,NA,2019-05-09,99,L,12,1,NA,NA,NA,NA,NA,N,NA,Used gangion length for estimate,NA,'23410033320000000051','23410033320000001898',521,8,LONGLINER,1,NO PROBLEM,45.25,A715,184,N,1317,66,NA,59.40667,-174.51833,59.315,-174.505,ATL,1898,B,0,30-Dec-21,62,PACIFIC SLEEPER SHARK,NA,14688,2,0,6,90.56,11-Jul-22,13-Jul-22,62_2019_23410_33320_99_30,59.3350625928,-174.534642509
23410,33320,2019,Grant Burns,Northern Leader,NA,2019-05-09,99,M,12,1,NA,NA,NA,NA,NA,N,NA,Used gangion length for estimate,NA,'23410033320000000051','23410033320000001898',521,8,LONGLINER,1,NO PROBLEM,45.25,A715,184,N,1317,66,NA,59.40667,-174.51833,59.315,-174.505,ATL,1898,B,0,30-Dec-21,62,PACIFIC SLEEPER SHARK,NA,14688,2,0,6,90.56,11-Jul-22,13-Jul-22,62_2019_23410_33320_99_31,59.3350625928,-174.534642509
23410,33320,2019,Grant Burns,Northern Leader,NA,2019-05-10,101,S,12,1,NA,NA,NA,NA,NA,N,NA,Used gangion length for estimate,NA,'23410033320000000051','23410033320000001902',521,8,LONGLINER,1,NO PROBLEM,26.9,A715,184,N,1255.2,64,NA,59.67167,-174.64833,59.32333,-174.37167,ATL,1902,B,0,30-Dec-21,62,PACIFIC SLEEPER SHARK,NA,11025,3,0,9,130.04,11-Jul-22,13-Jul-22,62_2019_23410_33320_101_32,59.3350625928,-174.534642509
23410,33320,2019,Grant Burns,Northern Leader,NA,2019-05-10,101,M,12,1,NA,NA,NA,NA,NA,N,NA,Used gangion length for estimate,NA,'23410033320000000051','23410033320000001902',521,8,LONGLINER,1,NO PROBLEM,26.9,A715,184,N,1255.2,64,NA,59.67167,-174.64833,59.32333,-174.37167,ATL,1902,B,0,30-Dec-21,62,PACIFIC SLEEPER SHARK,NA,11025,3,0,9,130.04,11-Jul-22,13-Jul-22,62_2019_23410_33320_101_33,59.3350625928,-174.534642509
23410,33320,2019,Grant Burns,Northern Leader,NA,2019-05-10,101,L,12,1,NA,NA,NA,NA,NA,N,NA,Used gangion length for estimate,NA,'23410033320000000051','23410033320000001902',521,8,LONGLINER,1,NO PROBLEM,26.9,A715,184,N,1255.2,64,NA,59.67167,-174.64833,59.32333,-174.37167,ATL,1902,B,0,30-Dec-21,62,PACIFIC SLEEPER SHARK,NA,11025,3,0,9,130.04,11-Jul-22,13-Jul-22,62_2019_23410_33320_101_34,59.3350625928,-174.534642509
25343,3672,2022,Rory Morgan,Frontier Mariner,NA,2022-03-04,101,M,6,1,NA,NA,NA,NA,NA,NA,NA,NA,NA,'25343003672000000004','25343003672000000101',521,8,LONGLINER,1,NO PROBLEM,18.08,A100,135,N,1147.2,68,NA,57.815,-173.38333,57.815,-173.38333,ATL,101,L,0,12-Jul-22,62,PACIFIC SLEEPER SHARK,NA,4935,1,19.01,3,58.83,11-Jul-22,13-Jul-22,62_2022_25343_3672_101_35,57.7564314711,-173.282719769
22769,4450,2018,Daniel Warren,Frontier Explorer,NA,2018-06-14,102,S,10,1,Y,NA,NA,NA,NA,N,NA,NA,haul not in obs db,'22769004450000000018','22769004450000001272',517,8,LONGLINER,5,OTHER PROBLEM,9.84,A553,135,N,865.8,111,NA,55.02167,-167.43333,55.13333,-167.15,ATL,1272,B,0,30-Dec-21,62,PACIFIC SLEEPER SHARK,NA,6318,1,16.08,3,50.63,11-Jul-22,13-Jul-22,62_2018_22769_4450_102_36,55.1738280469,-167.182541023
23410,33320,2019,Grant Burns,Northern Leader,NA,2019-05-10,103,S,12,1,NA,NA,NA,NA,NA,N,NA,Used gangion length for estimate,NA,'23410033320000000051','23410033320000001904',521,8,LONGLINER,1,NO PROBLEM,9.61,A715,184,N,207,64,NA,59.57333,-174.48667,59.57833,-174.48667,ATL,1904,B,0,30-Dec-21,62,PACIFIC SLEEPER SHARK,NA,3675,3,0,9,125.4,11-Jul-22,13-Jul-22,62_2019_23410_33320_103_37,59.6377116406,-174.403501136
23410,33320,2019,Grant Burns,Northern Leader,NA,2019-05-10,103,M,12,1,NA,NA,NA,NA,NA,N,NA,Used gangion length for estimate,NA,'23410033320000000051','23410033320000001904',521,8,LONGLINER,1,NO PROBLEM,9.61,A715,184,N,207,64,NA,59.57333,-174.48667,59.57833,-174.48667,ATL,1904,B,0,30-Dec-21,62,PACIFIC SLEEPER SHARK,NA,3675,3,0,9,125.4,11-Jul-22,13-Jul-22,62_2019_23410_33320_103_38,59.6377116406,-174.403501136
23410,33320,2019,Grant Burns,Northern Leader,NA,2019-05-10,103,L,12,1,NA,NA,NA,NA,NA,N,NA,Used gangion length for estimate,NA,'23410033320000000051','23410033320000001904',521,8,LONGLINER,1,NO PROBLEM,9.61,A715,184,N,207,64,NA,59.57333,-174.48667,59.57833,-174.48667,ATL,1904,B,0,30-Dec-21,62,PACIFIC SLEEPER SHARK,NA,3675,3,0,9,125.4,11-Jul-22,13-Jul-22,62_2019_23410_33320_103_39,59.6377116406,-174.403501136
24304,3011,2020,Lauren Kabot,Ocean Explorer,NA,2020-08-04,126,S,NA,1,NA,2,NA,25.5,119,NA,NA,Photos: 0193-0195,NA,'24304003011000000015','24304003011000000071',517,2,PELAGIC,1,NO PROBLEM,40,A004,155,N,756,124,114,55.24611,-167.7375,55.47694,-168.15556,ATL,71,B,0,4-Aug-20,62,PACIFIC SLEEPER SHARK,NA,223,1,25.5,1,25.5,11-Jul-22,13-Jul-22,62_2020_24304_3011_126_40,55.5179721124,-168.145752483
22356,3242,2018,Johanna Protheroe,Clipper Endeavor,NA,2018-03-16,133,S,NA,1,Y,2,NA,9.94,92,N,NA,NA,NA,'22356003242000000026','22356003242000001298',521,8,LONGLINER,1,NO PROBLEM,10.35,A057,128,N,1866,61,NA,56.81333,-170.885,56.81167,-171.17833,ATL,1298,B,0,29-Dec-21,62,PACIFIC SLEEPER SHARK,NA,2568,1,9.94,6,57.98,11-Jul-22,13-Jul-22,62_2018_22356_3242_133_41,56.8468083642,-171.30859652
25343,3672,2022,Rory Morgan,Frontier Mariner,NA,2022-03-24,140,L,9,2,NA,NA,NA,NA,NA,NA,NA,NA,NA,'25343003672000000005','25343003672000000140',521,8,LONGLINER,1,NO PROBLEM,31.44,A100,135,N,1294.8,63,NA,57.41667,-172.65,57.41667,-172.65,ATL,140,L,0,12-Jul-22,62,PACIFIC SLEEPER SHARK,NA,6237,2,38.02,6,112.66,11-Jul-22,13-Jul-22,62_2022_25343_3672_140_42,57.3707566551,-172.767665221
25343,3672,2022,Rory Morgan,Frontier Mariner,NA,2022-03-24,140,M,9,2,NA,NA,NA,NA,NA,NA,NA,NA,NA,'25343003672000000005','25343003672000000140',521,8,LONGLINER,1,NO PROBLEM,31.44,A100,135,N,1294.8,63,NA,57.41667,-172.65,57.41667,-172.65,ATL,140,L,0,12-Jul-22,62,PACIFIC SLEEPER SHARK,NA,6237,2,38.02,6,112.66,11-Jul-22,13-Jul-22,62_2022_25343_3672_140_43,57.3707566551,-172.767665221
22769,4450,2018,Daniel Warren,Frontier Explorer,NA,2018-07-08,144,S,NA,1,Y,2,NA,11.96,94,N,NA,NA,NA,'22769004450000000019','22769004450000001356',521,8,LONGLINER,1,NO PROBLEM,18.74,A553,135,N,1279.2,66,NA,59.07167,-174.44167,59.26167,-174.44167,ATL,1356,B,0,30-Dec-21,62,PACIFIC SLEEPER SHARK,NA,6210,1,11.96,3,47.65,11-Jul-22,13-Jul-22,62_2018_22769_4450_144_44,59.3350625928,-174.534642509
22769,4450,2018,Daniel Warren,Frontier Explorer,NA,2018-07-18,154,M,2,2,N,2,NA,NA,171,N,NA,NA,NA,'22769004450000000020','22769004450000001376',521,8,LONGLINER,8,CONSIDERABLE KILLER WHALE PR,21.93,A553,135,N,1524,65,NA,59.35333,-174.18,59.15167,-174.40667,ATL,1376,B,0,30-Dec-21,62,PACIFIC SLEEPER SHARK,NA,8388,1,16.08,3,47.35,11-Jul-22,13-Jul-22,62_2018_22769_4450_154_45,59.1646163674,-174.4278621
22769,4450,2018,Daniel Warren,Frontier Explorer,NA,2018-07-23,162,M,2,1,Y,NA,NA,NA,NA,N,NA,NA,NA,'22769004450000000020','22769004450000001392',521,8,LONGLINER,1,NO PROBLEM,14.13,A553,135,N,1552.8,61,NA,59.22167,-174.19667,59.43167,-173.95667,ATL,1392,B,0,30-Dec-21,62,PACIFIC SLEEPER SHARK,NA,8388,1,16.08,3,47.35,11-Jul-22,13-Jul-22,62_2018_22769_4450_162_46,59.4280449707,-173.951136428
22769,4450,2018,Daniel Warren,Frontier Explorer,NA,2018-07-27,169,S,NA,1,Y,2,NA,19.14,100,N,NA,NA,NA,'22769004450000000020','22769004450000001406',521,8,LONGLINER,1,NO PROBLEM,14.79,A553,135,N,1609.8,60,NA,59.205,-174.02167,59.41667,-173.78167,ATL,1406,B,0,30-Dec-21,62,PACIFIC SLEEPER SHARK,NA,8424,1,19.14,3,47.35,11-Jul-22,13-Jul-22,62_2018_22769_4450_169_47,59.4280449707,-173.951136428
22769,4450,2018,Daniel Warren,Frontier Explorer,NA,2018-08-01,179,S,2,1,Y,NA,NA,NA,NA,N,NA,NA,NA,'22769004450000000020','22769004450000001426',521,8,LONGLINER,1,NO PROBLEM,12.85,A553,135,N,915,63,NA,59.41667,-174.16167,59.27833,-174.32167,ATL,1426,B,0,30-Dec-21,62,PACIFIC SLEEPER SHARK,NA,5496,1,16.08,3,46.91,11-Jul-22,13-Jul-22,62_2018_22769_4450_179_48,59.2965519505,-174.190430256
22769,4450,2018,Daniel Warren,Frontier Explorer,NA,2018-08-02,183,S,2,1,Y,NA,NA,NA,NA,N,NA,NA,NA,'22769004450000000020','22769004450000001434',521,8,LONGLINER,8,CONSIDERABLE KILLER WHALE PR,6.85,A553,135,N,1662,61,NA,59.265,-174.29833,59.41833,-174.12833,ATL,1434,B,0,30-Dec-21,62,PACIFIC SLEEPER SHARK,NA,4809,1,16.08,4,56.67,11-Jul-22,13-Jul-22,62_2018_22769_4450_183_49,59.4280449707,-173.951136428
22769,4450,2018,Daniel Warren,Frontier Explorer,NA,2018-08-05,191,S,NA,1,Y,NA,NA,NA,95,N,NA,NA,NA,'22769004450000000020','22769004450000001450',521,8,LONGLINER,8,CONSIDERABLE KILLER WHALE PR,11.02,A553,135,N,1729.8,65,NA,59.28833,-174.62833,59.435,-174.46167,ATL,1450,B,0,30-Dec-21,62,PACIFIC SLEEPER SHARK,NA,5448,1,12.98,3,48.25,11-Jul-22,13-Jul-22,62_2018_22769_4450_191_50,59.4671810872,-174.296424028
22769,4450,2018,Daniel Warren,Frontier Explorer,NA,2018-08-06,192,S,2,2,Y,NA,NA,NA,NA,N,NA,NA,NA,'22769004450000000020','22769004450000001452',521,8,LONGLINER,1,NO PROBLEM,10.61,A553,135,N,1707,65,NA,59.30333,-174.565,59.44667,-174.40333,ATL,1452,B,0,30-Dec-21,62,PACIFIC SLEEPER SHARK,NA,5448,3,45.09,9,140.72,11-Jul-22,13-Jul-22,62_2018_22769_4450_192_51,59.4671810872,-174.296424028
22769,4450,2018,Daniel Warren,Frontier Explorer,NA,2018-08-06,192,S,NA,2,Y,2,NA,12.93,93,N,NA,NA,NA,'22769004450000000020','22769004450000001452',521,8,LONGLINER,1,NO PROBLEM,10.61,A553,135,N,1707,65,NA,59.30333,-174.565,59.44667,-174.40333,ATL,1452,B,0,30-Dec-21,62,PACIFIC SLEEPER SHARK,NA,5448,3,45.09,9,140.72,11-Jul-22,13-Jul-22,62_2018_22769_4450_192_52,59.4671810872,-174.296424028
25035,3870,2021,Charles Riley,Island Enterprise,NA,2021-07-09,193,S,NA,1,NA,2,N,16.24,111,Y,19301,*only PSS in haul. eyes intact.,NA,'25035003870000000002','25035003870000000070',521,2,PELAGIC,1,NO PROBLEM,110.45,A225,312,N,154.8,65,47,57.24167,-173.47167,57.28,-173.41833,ATL,70,B,0,9-Jul-21,62,PACIFIC SLEEPER SHARK,NA,37253,1,16.24,3,48.15,11-Jul-22,13-Jul-22,62_2021_25035_3870_193_53,57.2829944193,-173.320633491
22769,4450,2018,Daniel Warren,Frontier Explorer,NA,2018-08-07,194,S,2,2,N,NA,NA,NA,NA,N,NA,NA,NA,'22769004450000000020','22769004450000001456',521,8,LONGLINER,8,CONSIDERABLE KILLER WHALE PR,11.57,A553,135,N,1648.8,66,NA,59.32,-174.69667,59.46333,-174.53333,ATL,1456,B,0,30-Dec-21,62,PACIFIC SLEEPER SHARK,NA,5496,2,32.16,6,93.81,11-Jul-22,13-Jul-22,62_2018_22769_4450_194_54,59.5054075492,-174.642508747
25007,4063,2021,Alyssa Lambert,Northern Hawk,NA,2021-06-27,201,S,NA,NA,NA,2,N,23.1,118,Y,1002795,NA,NA,'25007004063000000002','25007004063000000050',521,2,PELAGIC,1,NO PROBLEM,106.15,A282,341,N,435,57,45,57.495,-172.335,57.69333,-172.14,ATL,50,B,0,27-Jun-21,62,PACIFIC SLEEPER SHARK,NA,33406,1,23.1,3,73.4,11-Jul-22,13-Jul-22,62_2021_25007_4063_201_55,57.756543632,-172.068001569
25007,4063,2021,Alyssa Lambert,Northern Hawk,NA,2021-06-28,206,M,NA,NA,NA,2,N,NA,152,N,NA,*too large for FS or MCP. Used L/W table (has 69.5 listed as weight),NA,'25007004063000000002','25007004063000000055',521,2,PELAGIC,1,NO PROBLEM,55.04,A282,341,N,225,56,46,57.92167,-172.49833,57.90167,-172.56833,ATL,55,B,0,28-Jun-21,62,PACIFIC SLEEPER SHARK,NA,10953,1,69.5,1,69.5,11-Jul-22,13-Jul-22,62_2021_25007_4063_206_56,57.9728741947,-172.487402234
23561,4578,2019,Tyler Allen,Siberian Sea,NA,2019-07-12,208,M,9,2,NA,NA,NA,NA,NA,N,NA,"Deck sheet pg. 187, 189",NA,'23561004578000000046','23561004578000002620',521,8,LONGLINER,1,NO PROBLEM,9.42,A617,136,N,925.2,73,NA,59.74,-175.485,59.62,-176.00833,ATL,2620,B,0,30-Dec-21,62,PACIFIC SLEEPER SHARK,NA,7908,2,35.34,7,129.58,11-Jul-22,13-Jul-22,62_2019_23561_4578_208_57,59.6491566225,-176.034493219
23561,4578,2019,Tyler Allen,Siberian Sea,NA,2019-07-12,208,M,9,2,NA,NA,NA,NA,NA,N,NA,"Deck sheet pg. 187, 189",NA,'23561004578000000046','23561004578000002620',521,8,LONGLINER,1,NO PROBLEM,9.42,A617,136,N,925.2,73,NA,59.74,-175.485,59.62,-176.00833,ATL,2620,B,0,30-Dec-21,62,PACIFIC SLEEPER SHARK,NA,7908,2,35.34,7,129.58,11-Jul-22,13-Jul-22,62_2019_23561_4578_208_58,59.6491566225,-176.034493219
24807,3367,2021,Malik Breland,Legacy,NA,2021-05-08,209,L,2,1,NA,2,N,NA,311,N,NA,The eyes were both missing (sandfleas),NA,'24807003367000000006','24807003367000000058',541,1,NON PELAGIC,1,NO PROBLEM,19,A035,132,N,301.2,280,280,53.01,-170.44,52.84667,-170.71,ATL,58,B,0,8-May-21,62,PACIFIC SLEEPER SHARK,NA,358,1,332.41,1,332.41,11-Jul-22,13-Jul-22,62_2021_24807_3367_209_59,52.8639202947,-170.621277951
23561,4578,2019,Tyler Allen,Siberian Sea,NA,2019-07-13,210,M,9,1,NA,NA,NA,NA,NA,N,NA,Deck sheet pg. 191,NA,'23561004578000000046','23561004578000002624',521,8,LONGLINER,1,NO PROBLEM,6.65,A617,136,N,898.8,73,NA,59.58333,-175.77167,59.58333,-175.21833,ATL,2624,B,0,30-Dec-21,62,PACIFIC SLEEPER SHARK,NA,7884,1,17.67,4,64.79,11-Jul-22,13-Jul-22,62_2019_23561_4578_210_60,59.5791193469,-175.337004905
23647,3681,2019,Andrew Douventzidis,American Dynasty,NA,2019-07-08,210,S,NA,1,NA,1,NA,13.12,NA,N,NA,Measure to cloaca: 76,NA,'23647003681000000014','23647003681000000776',521,2,PELAGIC,1,NO PROBLEM,47.03,A074,272,N,229.8,61,45,57.26833,-173.01833,57.25333,-172.975,ATL,776,B,100,8-Jul-19,62,PACIFIC SLEEPER SHARK,NA,12005,1,13.12,4,51.23,11-Jul-22,13-Jul-22,62_2019_23647_3681_210_61,57.2412617872,-172.99752791
23561,4578,2019,Tyler Allen,Siberian Sea,NA,2019-07-21,215,L,10,1,NA,NA,NA,NA,NA,N,NA,Deck sheet pg. 211,NA,'23561004578000000047','23561004578000002634',521,8,LONGLINER,1,NO PROBLEM,6.34,A617,136,N,715.2,51,NA,57.46667,-171.43833,57.32,-171.09167,ATL,2634,B,0,30-Dec-21,62,PACIFIC SLEEPER SHARK,NA,7896,1,17.67,3,55.96,11-Jul-22,13-Jul-22,62_2019_23561_4578_215_62,57.3196094209,-171.244516736
25052,3261,2021,Tory Roricheaux (?),Northern Eagle,NA,2021-07-14,231,S,NA,1,NA,2,NA,7.42,106,NA,NA,only one in haul,NA,'25052003261000000003','25052003261000000061',517,2,PELAGIC,1,NO PROBLEM,124.58,A041,341,N,334.8,58,39,55.36667,-165.02333,55.51833,-165.31833,ATL,61,B,0,4-Feb-22,62,PACIFIC SLEEPER SHARK,NA,25565,1,7.42,5,36.16,11-Jul-22,13-Jul-22,62_2021_25052_3261_231_63,55.4619103562,-165.333336737
24835,5822,2021,Jason Ratchford,Enterprise,NA,2021-05-07,231,S,NA,1,NA,1,Y,4.88,65,Y,69420,*small shark*,NA,'24835005822000000006','24835005822000000069',517,1,NON PELAGIC,2,CRAB POT IN HAUL,12,A639,120,N,279,201,201,54.78333,-167.05,54.9,-167.35,ATL,69,B,0,7-May-21,62,PACIFIC SLEEPER SHARK,NA,221,1,4.88,1,4.88,11-Jul-22,13-Jul-22,62_2021_24835_5822_231_64,54.8788355793,-167.354892166
23561,4578,2019,Tyler Allen,Siberian Sea,NA,2019-08-02,233,M,9,1,NA,NA,NA,NA,NA,N,NA,Deck sheet pg. 259,NA,'23561004578000000048','23561004578000002670',521,8,LONGLINER,1,NO PROBLEM,11.74,A617,136,N,1252.2,57,NA,58.50167,-172.735,58.74333,-172.475,ATL,2670,B,0,30-Dec-21,62,PACIFIC SLEEPER SHARK,NA,7812,1,17.67,4,61.85,11-Jul-22,13-Jul-22,62_2019_23561_4578_233_65,58.789797343,-172.62758047
24835,5822,2021,Jason Ratchford,Enterprise,NA,2021-05-07,233,S,NA,1,NA,1,Y,7.11,80,Y,42069,*small shark*,NA,'24835005822000000006','24835005822000000071',517,1,NON PELAGIC,1,NO PROBLEM,11.13,A639,120,N,253.2,210,210,54.8,-167.15,54.91667,-167.41667,ATL,71,B,0,7-May-21,62,PACIFIC SLEEPER SHARK,NA,260,1,7.11,1,7.11,11-Jul-22,13-Jul-22,62_2021_24835_5822_233_66,54.8788355793,-167.354892166
23561,4578,2019,Tyler Allen,Siberian Sea,NA,2019-08-03,235,M,2,1,NA,NA,NA,NA,NA,N,NA,Deck sheet pg. 265,NA,'23561004578000000048','23561004578000002674',521,8,LONGLINER,1,NO PROBLEM,11.25,A617,136,N,1506,60,NA,58.88333,-173.36833,58.87667,-173.34,ATL,2674,B,0,30-Dec-21,62,PACIFIC SLEEPER SHARK,NA,7812,1,17.67,4,61.85,11-Jul-22,13-Jul-22,62_2019_23561_4578_235_67,58.874174162,-173.302967705
25035,3870,2021,Charles Riley,Island Enterprise,NA,2021-08-01,242,L,NA,1,NA,2,N,NA,290,Y,24204,"*large, eyes collected",NA,'25035003870000000004','25035003870000000119',521,2,PELAGIC,1,NO PROBLEM,106.63,A225,312,N,283.8,77,65,56.58167,-171.89167,56.56833,-171.98333,ATL,119,B,0,1-Aug-21,62,PACIFIC SLEEPER SHARK,NA,31200,1,268.58,1,268.58,11-Jul-22,13-Jul-22,62_2021_25035_3870_242_68,56.6377115405,-172.086306081
23561,4578,2019,Tyler Allen,Siberian Sea,NA,2019-08-10,244,L,9,1,NA,NA,NA,NA,NA,N,NA,Deck sheet pg. 289,NA,'23561004578000000048','23561004578000002692',521,8,LONGLINER,1,NO PROBLEM,23.25,A617,136,N,1440,62,NA,58.98333,-173.53833,58.96667,-173.55167,ATL,2692,B,0,30-Dec-21,62,PACIFIC SLEEPER SHARK,NA,19560,1,17.67,3,49.48,11-Jul-22,13-Jul-22,62_2019_23561_4578_244_69,58.9150315628,-173.641896702
23561,4578,2019,Tyler Allen,Siberian Sea,NA,2019-08-15,254,L,9,1,NA,NA,NA,NA,NA,N,NA,Deck sheet pg. 311,NA,'23561004578000000048','23561004578000002712',521,8,LONGLINER,1,NO PROBLEM,6.87,A617,136,N,1153.8,60,NA,59.26833,-174.05167,59.26833,-173.60167,ATL,2712,B,0,30-Dec-21,62,PACIFIC SLEEPER SHARK,NA,7830,1,17.67,3,53.01,11-Jul-22,13-Jul-22,62_2019_23561_4578_254_70,59.2168200676,-173.50440473
23647,3681,2019,Andrew Douventzidis,American Dynasty,NA,2019-07-23,254,S,NA,1,NA,1,NA,8.36,NA,N,NA,Measure to cloaca: 75,NA,'23647003681000000015','23647003681000000870',524,2,PELAGIC,1,NO PROBLEM,54.04,A074,272,N,225,142,125,60.355,-178.59167,60.16833,-178.705,ATL,870,B,100,23-Jul-19,62,PACIFIC SLEEPER SHARK,NA,17715,1,8.36,3,25.5,11-Jul-22,13-Jul-22,62_2019_23647_3681_254_71,60.1983867952,-178.758296085
23561,4578,2019,Tyler Allen,Siberian Sea,NA,2019-08-16,256,S,9,1,NA,NA,NA,NA,NA,N,NA,Deck sheet pg. 319,NA,'23561004578000000048','23561004578000002716',521,8,LONGLINER,1,NO PROBLEM,10.77,A617,136,N,1300.2,60,NA,59.30167,-174.05167,59.30167,-174.05167,ATL,2716,B,0,30-Dec-21,62,PACIFIC SLEEPER SHARK,NA,7830,1,17.67,3,58.9,11-Jul-22,13-Jul-22,62_2019_23561_4578_256_72,59.2965519505,-174.190430256
24132,5822,2020,Evan Tucker/ Nicole Eiten,Enterprise,NA,2020-05-03,258,S,NA,1,UNK,1,NA,6.77,66,Y,258-6/258-7,Both eyes collected,NA,'24132005822000000011','24132005822000000125',517,1,NON PELAGIC,1,NO PROBLEM,12.45,A639,120,N,235.2,161,161,55.4,-168.06667,55.5,-168.35,ATL,125,B,0,6-Dec-21,62,PACIFIC SLEEPER SHARK,NA,255,1,6.77,1,6.77,11-Jul-22,13-Jul-22,62_2020_24132_5822_258_73,55.5724482051,-168.44786018
23561,4578,2019,Tyler Allen,Siberian Sea,NA,2019-08-18,260,M,9,1,NA,1,NA,17.67,NA,N,NA,Deck sheet pg. 337,Total length taken,'23561004578000000048','23561004578000002724',521,8,LONGLINER,1,NO PROBLEM,12.51,A617,136,N,1267.2,59,NA,59.06667,-173.27,59.19333,-173.75167,ATL,2724,B,0,30-Dec-21,62,PACIFIC SLEEPER SHARK,NA,7800,1,17.67,3,61.84,11-Jul-22,13-Jul-22,62_2019_23561_4578_260_74,59.257136744,-173.847012478
23802,3673,2019,Sara Bennet,Frontier Spirit,NA,2019-09-20,267,S,1,1,NA,1,NA,15.29,97,N,NA,Estimated total length 110,NA,'23802003673000000015','23802003673000001016',521,8,LONGLINER,1,NO PROBLEM,10.79,A107,135,N,1411.8,56,NA,58.87167,-172.99,58.99333,-172.57667,ATL,1016,B,0,30-Dec-21,62,PACIFIC SLEEPER SHARK,NA,7920,1,15.29,3,57.68,11-Jul-22,13-Jul-22,62_2019_23802_3673_267_75,58.9616908019,-172.724140778
25114,2833,2021,Malik Breland,Alaska Mist,NA,2021-09-07,271,L,12,1,NA,NA,NA,NA,NA,NA,NA,It came about 1 foot out of the water,NA,'25114002833000000001','25114002833000000063',521,8,LONGLINER,1,NO PROBLEM,3.07,A222,174,N,823.2,60,NA,59.35667,-173.74,59.35667,-173.74,ATL,63,B,0,22-Feb-22,62,PACIFIC SLEEPER SHARK,NA,2904,1,0,3,61.82,11-Jul-22,13-Jul-22,62_2021_25114_2833_271_76,59.3880023108,-173.606661797
23605,3870,2019,Connor Fox,Island Enterprise,NA,2019-08-15,273,S,NA,1,NA,2,NA,NA,110,N,NA,NA,Tagged,'23605003870000000014','23605003870000000764',524,2,PELAGIC,1,NO PROBLEM,121.75,A225,312,N,370.2,185,160,60.305,-178.61333,60.245,-178.64167,ATL,764,B,0,15-Aug-19,62,PACIFIC SLEEPER SHARK,NA,39208,2,34.8,4,60.56,11-Jul-22,13-Jul-22,62_2019_23605_3870_273_77,60.1983867952,-178.758296085
25007,4063,2021,Alyssa Lambert,Northern Hawk,NA,2021-07-25,277,M,NA,NA,NA,2,N,NA,137,Y,1002514,*presort on deck. L/W table used (has weight as 48.70),NA,'25007004063000000004','25007004063000000126',521,2,PELAGIC,1,NO PROBLEM,137.99,A282,341,N,225,51,41,58.28167,-171.56667,58.33167,-171.83667,ATL,126,B,0,25-Jul-21,62,PACIFIC SLEEPER SHARK,NA,52695,1,48.7,1,48.7,11-Jul-22,13-Jul-22,62_2021_25007_4063_277_78,58.3568413748,-171.77250546
23647,3681,2019,Andrew Douventzidis,American Dynasty,NA,2019-08-03,281,S,NA,1,NA,2,NA,18.51,106,N,NA,NA,NA,'23647003681000000016','23647003681000000924',521,2,PELAGIC,1,NO PROBLEM,93.93,A074,272,N,364.8,105,90,59.645,-178.38667,59.94667,-178.88722,ATL,924,B,0,3-Aug-19,62,PACIFIC SLEEPER SHARK,NA,27258,1,18.51,3,63.78,11-Jul-22,13-Jul-22,62_2019_23647_3681_281_79,59.8921201405,-178.851604902
23802,3673,2019,Sara Bennet,Frontier Spirit,NA,2019-10-19,312,S,1,1,NA,2,NA,13.94,91,N,NA,Estimated total length 100,NA,'23802003673000000016','23802003673000001106',524,8,LONGLINER,1,NO PROBLEM,16.56,A107,135,N,1531.2,57,NA,60.4,-174.755,60.4,-175.24833,ATL,1106,B,0,30-Dec-21,62,PACIFIC SLEEPER SHARK,NA,7920,1,13.94,3,57.68,11-Jul-22,13-Jul-22,62_2019_23802_3673_312_80,60.3556152716,-175.198700667
23802,3673,2019,Sara Bennet,Frontier Spirit,NA,2019-10-23,319,M,1,1,NA,1,NA,NA,168,N,NA,"Did not weigh, used estimated l/w table",NA,'23802003673000000016','23802003673000001120',524,8,LONGLINER,1,NO PROBLEM,16.39,A107,135,N,1612.8,57,NA,60.34167,-174.73,60.38667,-174.77167,ATL,1120,B,0,30-Dec-21,62,PACIFIC SLEEPER SHARK,NA,8160,1,42.02,3,55.98,11-Jul-22,13-Jul-22,62_2019_23802_3673_319_81,60.3188499492,-174.842970185
23802,3673,2019,Sara Bennet,Frontier Spirit,NA,2019-10-24,321,S,1,1,NA,2,NA,20.37,110,N,NA,Estimated tl 120cm,NA,'23802003673000000016','23802003673000001124',524,8,LONGLINER,1,NO PROBLEM,26.53,A107,135,N,1633.8,57,NA,60.36167,-174.73667,60.36167,-175.21,ATL,1124,B,0,30-Dec-21,62,PACIFIC SLEEPER SHARK,NA,7920,1,20.37,3,57.68,11-Jul-22,13-Jul-22,62_2019_23802_3673_321_82,60.3556152716,-175.198700667
23802,3673,2019,Sara Bennet,Frontier Spirit,NA,2019-11-03,327,L,10,1,NA,NA,NA,NA,NA,N,NA,Estimated body length @ 60cm,NA,'23802003673000000017','23802003673000001136',521,8,LONGLINER,1,NO PROBLEM,19.95,A107,135,N,1428,71,NA,58.90833,-175.61833,58.82667,-176.05333,ATL,1136,B,0,30-Dec-21,62,PACIFIC SLEEPER SHARK,NA,7920,1,19.03,3,57.68,11-Jul-22,13-Jul-22,62_2019_23802_3673_327_83,58.8716582443,-176.150913741
23802,3673,2019,Sara Bennet,Frontier Spirit,NA,2019-11-04,328,S,1,1,NA,2,NA,13.3,98,N,NA,Estimated precaudal length 100cm,NA,'23802003673000000017','23802003673000001138',521,8,LONGLINER,8,CONSIDERABLE KILLER WHALE PR,19.3,A107,135,N,1468.8,71,NA,58.97,-175.48,58.89167,-175.89,ATL,1138,B,0,30-Dec-21,62,PACIFIC SLEEPER SHARK,NA,8160,1,13.3,3,55.98,11-Jul-22,13-Jul-22,62_2019_23802_3673_328_84,58.8374055341,-175.809625765
23628,3414,2019,Kevin Gillen,Starbound,NA,2019-07-07,336,S,NA,UNK,UNK,2,N,15.56,95,N,NA,NA,NA,'23628003414000000013','23628003414000000668',521,2,PELAGIC,1,NO PROBLEM,141.39,A091,300,N,280.2,71,59,58.70833,-176.345,58.77167,-176.23,ATL,668,B,0,7-Jul-19,62,PACIFIC SLEEPER SHARK,NA,44733,1,15.56,3,49.18,11-Jul-22,13-Jul-22,62_2019_23628_3414_336_85,58.7361922407,-176.37774576
23516,4306,2019,Derek Miller,Alaska Lady,NA,2019-08-26,337,M,hooked,3,NA,NA,NA,NA,NA,N,NA,"PSS brought up, immediately fell off upon breaking water",NA,'23516004306000000034','23516004306000003114',521,8,LONGLINER,1,NO PROBLEM,10.96,A576,180,N,558,63,NA,57.51667,-172.45167,57.51667,-172.45167,ATL,3114,B,0,30-Dec-21,62,PACIFIC SLEEPER SHARK,NA,5275,3,56.12,10,190.81,11-Jul-22,13-Jul-22,62_2019_23516_4306_337_86,57.4998046118,-172.536131667
23516,4306,2019,Derek Miller,Alaska Lady,NA,2019-08-27,340,S,hooked,2,NA,NA,NA,NA,NA,N,NA,NA,NA,'23516004306000000034','23516004306000003120',521,8,LONGLINER,1,NO PROBLEM,9.66,A576,180,N,580.2,63,NA,57.56167,-172.63,57.56167,-172.63,ATL,3120,B,0,30-Dec-21,62,PACIFIC SLEEPER SHARK,NA,4220,1,18.71,4,79.5,11-Jul-22,13-Jul-22,62_2019_23516_4306_340_87,57.4998046118,-172.536131667
23516,4306,2019,Derek Miller,Alaska Lady,NA,2019-08-28,342,S,NA,2,NA,2,NA,16.94,NA,N,NA,Took total length: 122cm,NA,'23516004306000000034','23516004306000003124',521,8,LONGLINER,1,NO PROBLEM,8.87,A576,180,N,822,63,NA,57.38167,-172.66167,57.38167,-172.66167,ATL,3124,B,0,30-Dec-21,62,PACIFIC SLEEPER SHARK,NA,4508,1,16.94,3,65.47,11-Jul-22,13-Jul-22,62_2019_23516_4306_342_88,57.3707566551,-172.767665221
23516,4306,2019,Derek Miller,Alaska Lady,NA,2019-08-28,342,S,NA,2,NA,1,NA,NA,NA,N,NA,Took total length: 119cm,NA,'23516004306000000034','23516004306000003124',521,8,LONGLINER,1,NO PROBLEM,8.87,A576,180,N,822,63,NA,57.38167,-172.66167,57.38167,-172.66167,ATL,3124,B,0,30-Dec-21,62,PACIFIC SLEEPER SHARK,NA,4508,1,16.94,3,65.47,11-Jul-22,13-Jul-22,62_2019_23516_4306_342_89,57.3707566551,-172.767665221
23516,4306,2019,Derek Miller,Alaska Lady,NA,2019-08-28,343,M,NA,1,NA,NA,NA,NA,NA,N,NA,NA,NA,'23516004306000000034','23516004306000003126',521,8,LONGLINER,1,NO PROBLEM,9.57,A576,180,N,717,64,NA,57.375,-172.72833,57.375,-172.72833,ATL,3126,B,0,30-Dec-21,62,PACIFIC SLEEPER SHARK,NA,5635,1,18.71,3,63.6,11-Jul-22,13-Jul-22,62_2019_23516_4306_343_90,57.3707566551,-172.767665221
24920,3414,2021,Deliska Pollara,Starbound,NA,2021-07-24,344,S,NA,NA,NA,1,Y,19.5,94,N,NA,Still alive,NA,'24920003414000000004','24920003414000000129',521,2,PELAGIC,1,NO PROBLEM,98.86,A091,300,N,112.8,55,42,58.075,-172.83667,58.06333,-172.84667,ATL,129,B,0,24-Jul-21,62,PACIFIC SLEEPER SHARK,NA,25124,1,19.5,4,76.73,11-Jul-22,13-Jul-22,62_2021_24920_3414_344_91,58.0159073322,-172.816642348
23516,4306,2019,Derek Miller,Alaska Lady,NA,2019-08-29,345,S,NA,1,NA,2,NA,12.36,NA,N,NA,NA,NA,'23516004306000000034','23516004306000003130',521,8,LONGLINER,1,NO PROBLEM,7.54,A576,180,N,901.8,64,NA,57.4,-172.75833,57.4,-172.75833,ATL,3130,B,0,30-Dec-21,62,PACIFIC SLEEPER SHARK,NA,4508,1,12.36,4,70.15,11-Jul-22,13-Jul-22,62_2019_23516_4306_345_92,57.3707566551,-172.767665221
25007,4063,2021,Alyssa Lambert,Northern Hawk,NA,2021-08-19,354,S,NA,NA,NA,1,Y,15.68,110,Y,1002513,*weighed on mcp,NA,'25007004063000000005','25007004063000000203',521,2,PELAGIC,1,NO PROBLEM,117.47,A282,341,N,79.8,56,46,58.07167,-172.68,57.99,-172.72,ATL,203,B,0,19-Aug-21,62,PACIFIC SLEEPER SHARK,NA,38024,1,15.68,3,48.44,11-Jul-22,13-Jul-22,62_2021_25007_4063_354_93,58.0159073322,-172.816642348
23898,372,2019,Parry McClure,US Liberator,NA,2019-11-09,358,S,12,1,NA,NA,NA,NA,NA,N,NA,NA,NA,'23898000372000000020','23898000372000001040',524,8,LONGLINER,5,OTHER PROBLEM,16.6,A023,162,N,1011,74,NA,60.78333,-176.86667,60.78333,-176.86667,ATL,1040,B,0,30-Dec-21,62,PACIFIC SLEEPER SHARK,NA,7836,1,13.36,4,46.76,11-Jul-22,13-Jul-22,62_2019_23898_372_358_94,60.8301028336,-176.876034614
25007,4063,2021,Alyssa Lambert,Northern Hawk,NA,2021-08-21,362,S,NA,NA,NA,1,Y,7,81,Y,1002511,*weighed on mcp,NA,'25007004063000000005','25007004063000000211',521,2,PELAGIC,1,NO PROBLEM,94.21,A282,341,N,244.8,59,49,58.18167,-173.54833,58.24333,-173.69,ATL,211,B,0,21-Aug-21,62,PACIFIC SLEEPER SHARK,NA,30155,1,7,3,21.87,11-Jul-22,13-Jul-22,62_2021_25007_4063_362_95,58.270699806,-173.576351757
25007,4063,2021,Alyssa Lambert,Northern Hawk,NA,2021-08-21,363,S,NA,NA,NA,2,N,17.34,NA,N,NA,*accidentally measured total instead of precaudal here. TL=124cm,NA,'25007004063000000005','25007004063000000212',521,2,PELAGIC,1,NO PROBLEM,108.22,A282,341,N,124.8,56,46,57.53333,-172.155,57.48667,-172.095,ATL,212,B,0,21-Aug-21,62,PACIFIC SLEEPER SHARK,NA,32095,2,46.63,4,87.74,11-Jul-22,13-Jul-22,62_2021_25007_4063_363_96,57.4560246805,-172.212010144
25007,4063,2021,Alyssa Lambert,Northern Hawk,NA,2021-08-21,363,S,NA,NA,NA,1,Y,NA,122,Y,1002512,L/W table used for weight (weight recorded as 29.29),NA,'25007004063000000005','25007004063000000212',521,2,PELAGIC,1,NO PROBLEM,108.22,A282,341,N,124.8,56,46,57.53333,-172.155,57.48667,-172.095,ATL,212,B,0,21-Aug-21,62,PACIFIC SLEEPER SHARK,NA,32095,2,46.63,4,87.74,11-Jul-22,13-Jul-22,62_2021_25007_4063_363_97,57.4560246805,-172.212010144
23898,372,2019,Parry McClure,US Liberator,NA,2019-11-16,370,M,8,1,NA,NA,NA,NA,NA,N,NA,NA,NA,'23898000372000000020','23898000372000001064',524,8,LONGLINER,1,NO PROBLEM,23.15,A023,162,N,1572,75,NA,60.91667,-177.15,60.91667,-177.7,ATL,1064,B,0,30-Dec-21,62,PACIFIC SLEEPER SHARK,NA,7818,1,13.36,3,46.76,11-Jul-22,13-Jul-22,62_2019_23898_372_370_98,60.8918974988,-177.603761434
23898,372,2019,Parry McClure,US Liberator,NA,2019-11-17,371,S,2,1,NA,NA,NA,NA,NA,N,NA,NA,NA,'23898000372000000020','23898000372000001066',524,8,LONGLINER,1,NO PROBLEM,21.89,A023,162,N,1627.8,76,NA,60.93333,-177.15,60.93333,-177.71667,ATL,1066,B,0,30-Dec-21,62,PACIFIC SLEEPER SHARK,NA,7818,1,13.36,3,46.76,11-Jul-22,13-Jul-22,62_2019_23898_372_371_99,60.8918974988,-177.603761434
25007,4063,2021,Alyssa Lambert,Northern Hawk,NA,2021-08-23,372,S,NA,NA,NA,1,Y,35.06,126,N,NA,*shark alive (barely). weighed on mcp,NA,'25007004063000000005','25007004063000000221',521,2,PELAGIC,1,NO PROBLEM,75.22,A282,341,N,160.2,56,46,57.21833,-171.73833,57.16833,-171.77333,ATL,221,B,0,23-Aug-21,62,PACIFIC SLEEPER SHARK,NA,24701,1,35.06,1,35.06,11-Jul-22,13-Jul-22,62_2021_25007_4063_372_100,57.2386851891,-171.800333767
23053,372,2018,John Kim,US Liberator,NA,2018-10-31,376,S,NA,1,NA,2,NA,NA,125,N,NA,"L/W table - 155cm, 31.201g",NA,'23053000372000000005','23053000372000000156',524,8,LONGLINER,1,NO PROBLEM,19,A023,162,N,1258.8,67,NA,61.21,-176.85667,61.21,-177.41833,ATL,156,B,0,29-Dec-21,62,PACIFIC SLEEPER SHARK,NA,10424,1,31.26,3,82.06,11-Jul-22,13-Jul-22,62_2018_23053_372_376_101,61.1972037046,-177.495526129
23053,372,2018,John Kim,US Liberator,NA,2018-11-03,381,M,2,1,NA,NA,NA,NA,NA,N,NA,About 2m - size of (illegible),NA,'23053000372000000005','23053000372000000166',524,8,LONGLINER,1,NO PROBLEM,14.68,A023,162,N,781.2,68,NA,61.35667,-177.20667,61.125,-177.32167,ATL,166,B,0,29-Dec-21,62,PACIFIC SLEEPER SHARK,NA,7836,1,31.26,3,98.99,11-Jul-22,13-Jul-22,62_2018_23053_372_381_102,61.0294018057,-177.366865358
25007,4063,2021,Alyssa Lambert,Northern Hawk,NA,2021-08-29,383,S,NA,NA,NA,1,Y,22.26,114,Y,1002510,NA,NA,'25007004063000000006','25007004063000000232',521,2,PELAGIC,1,NO PROBLEM,145.36,A282,341,N,210,45,35,58.63667,-171.43667,58.66333,-171.39,ATL,232,B,0,29-Aug-21,62,PACIFIC SLEEPER SHARK,NA,55473,1,22.26,3,58.33,11-Jul-22,13-Jul-22,62_2021_25007_4063_383_103,58.6104858258,-171.287086477
23053,372,2018,John Kim,US Liberator,NA,2018-11-07,388,M,10,1,NA,NA,NA,NA,NA,N,NA,Came off hook after brought to mid body,NA,'23053000372000000005','23053000372000000180',524,8,LONGLINER,1,NO PROBLEM,10.87,A023,162,N,1162.8,63,NA,61.44667,-177.33,61.54167,-176.86667,ATL,180,B,0,29-Dec-21,62,PACIFIC SLEEPER SHARK,NA,7830,1,31.26,3,93.78,11-Jul-22,13-Jul-22,62_2018_23053_372_388_104,61.6079163456,-176.770308263
23053,372,2018,John Kim,US Liberator,NA,2018-11-08,390,M,10,1,NA,NA,NA,NA,NA,N,NA,Came off hook after brought to mid body,NA,'23053000372000000005','23053000372000000184',524,8,LONGLINER,1,NO PROBLEM,12.67,A023,162,N,1564.2,68,NA,61.01333,-177.235,61.28167,-177.22833,ATL,184,B,0,29-Dec-21,62,PACIFIC SLEEPER SHARK,NA,5240,1,31.26,5,156.3,11-Jul-22,13-Jul-22,62_2018_23053_372_390_105,61.3345225721,-177.255877631
23954,4578,2019,Edsel Koscienlniak,Siberian Sea,NA,2019-12-30,394,S,NA,UNK,UNK,2,N,19.32,95,N,NA,NA,NA,'23954004578000000001','23954004578000000004',517,8,LONGLINER,1,NO PROBLEM,19.51,A617,136,N,880.8,75,NA,55.105,-165.81833,54.85667,-165.93667,ATL,4,B,0,30-Dec-21,62,PACIFIC SLEEPER SHARK,NA,7686,1,19.86,4,69.51,11-Jul-22,13-Jul-22,62_2019_23954_4578_394_106,54.938251562,-165.999758913
25075,3414,2021,Holly Mirun,Starbound,NA,2021-08-17,409,S,NA,NA,NA,2,N,10.41,99,Y,1,Only shark in haul,NA,'25075003414000000002','25075003414000000052',521,2,PELAGIC,1,NO PROBLEM,119.89,A091,300,N,253.2,60,48,57.685,-172.46667,57.765,-172.43667,ATL,52,B,0,17-Aug-21,62,PACIFIC SLEEPER SHARK,NA,36433,1,10.41,3,34.25,11-Jul-22,13-Jul-22,62_2021_25075_3414_409_107,57.8006847004,-172.394707771
23898,372,2019,Parry McClure,US Liberator,NA,2019-12-20,414,S,2,2,NA,NA,NA,NA,NA,N,NA,NA,NA,'23898000372000000021','23898000372000001152',524,8,LONGLINER,1,NO PROBLEM,18.27,A023,162,N,1684.8,94,NA,60.16667,-178.36667,60.43333,-178.4,ATL,1152,B,0,30-Dec-21,62,PACIFIC SLEEPER SHARK,NA,7836,2,26.72,7,93.52,11-Jul-22,13-Jul-22,62_2019_23898_372_414_108,60.476971959,-178.30239209
23898,372,2019,Parry McClure,US Liberator,NA,2019-12-21,416,M,2,2,NA,NA,NA,NA,NA,N,NA,NA,NA,'23898000372000000021','23898000372000001156',524,8,LONGLINER,1,NO PROBLEM,19.73,A023,162,N,1561.8,103,NA,60.55,-178.65,60.55,-178.65,ATL,1156,B,0,30-Dec-21,62,PACIFIC SLEEPER SHARK,NA,11790,2,26.72,5,62.35,11-Jul-22,13-Jul-22,62_2019_23898_372_416_109,60.5045680552,-178.663229161
23898,372,2019,Parry McClure,US Liberator,NA,2019-12-21,416,S,1,2,NA,NA,NA,13.36,NA,N,NA,NA,NA,'23898000372000000021','23898000372000001156',524,8,LONGLINER,1,NO PROBLEM,19.73,A023,162,N,1561.8,103,NA,60.55,-178.65,60.55,-178.65,ATL,1156,B,0,30-Dec-21,62,PACIFIC SLEEPER SHARK,NA,11790,2,26.72,5,62.35,11-Jul-22,13-Jul-22,62_2019_23898_372_416_110,60.5045680552,-178.663229161
23401,661,2019,Lauren Eaken,Northern Glacier,NA,2019-06-06,424,S,NA,1,NA,2,NA,8.74,81,N,NA,In sample,NA,'23401000661000000008','23401000661000000854',521,1,NON PELAGIC,1,NO PROBLEM,4.03,A001,201,N,211.2,173,173,59.32667,-177.64,59.53,-177.71333,ATL,854,B,0,6-Jun-19,62,PACIFIC SLEEPER SHARK,NA,209,1,8.74,19,164.53,11-Jul-22,13-Jul-22,62_2019_23401_661_424_111,59.5024276612,-177.891466142
23575,3367,2019,Mike Howard,Legacy,NA,2019-06-21,425,M,NA,2,NA,1,NA,132,160,N,NA,NA,NA,'23575003367000000020','23575003367000000850',521,1,NON PELAGIC,1,NO PROBLEM,7.65,A035,132,N,180,48,48,58.21,-171.24333,58.03333,-171.16667,ATL,850,B,0,21-Jun-19,62,PACIFIC SLEEPER SHARK,NA,344,1,110.69,1,110.69,11-Jul-22,13-Jul-22,62_2019_23575_3367_425_112,57.9652202597,-171.265410036
23575,3367,2019,Mike Howard,Legacy,NA,2019-06-21,426,M,NA,2,NA,1,NA,NA,NA,N,NA,Length taken to vent,NA,'23575003367000000020','23575003367000000852',521,1,NON PELAGIC,1,NO PROBLEM,11.59,A035,132,N,190.8,44,44,57.99167,-171.1,57.96333,-170.77167,ATL,852,B,0,21-Jun-19,62,PACIFIC SLEEPER SHARK,NA,323,2,130.74,2,130.74,11-Jul-22,13-Jul-22,62_2019_23575_3367_426_113,58.0436530978,-170.696860615
23575,3367,2019,Mike Howard,Legacy,NA,2019-06-21,426,M,NA,2,NA,2,NA,NA,NA,N,NA,Length taken to vent,NA,'23575003367000000020','23575003367000000852',521,1,NON PELAGIC,1,NO PROBLEM,11.59,A035,132,N,190.8,44,44,57.99167,-171.1,57.96333,-170.77167,ATL,852,B,0,21-Jun-19,62,PACIFIC SLEEPER SHARK,NA,323,2,130.74,2,130.74,11-Jul-22,13-Jul-22,62_2019_23575_3367_426_114,58.0436530978,-170.696860615
23401,661,2019,Lauren Eaken,Northern Glacier,NA,2019-06-07,427,M,NA,1,NA,2,NA,82.7,209,N,NA,"Not in sample, pre-sorted out of coded b/c too big to go over FS; weight estimated",NA,'23401000661000000008','23401000661000000860',521,1,NON PELAGIC,1,NO PROBLEM,6.22,A001,201,N,210,169,169,59.345,-177.63667,59.22,-177.835,ATL,860,B,0,7-Jun-19,62,PACIFIC SLEEPER SHARK,NA,217,1,82.7,1,82.7,11-Jul-22,13-Jul-22,62_2019_23401_661_427_115,59.196713981,-177.990698788
23575,3367,2019,Mike Howard,Legacy,NA,2019-06-21,427,M,NA,4,NA,1,NA,NA,NA,N,NA,Length taken to vent,NA,'23575003367000000020','23575003367000000854',521,1,NON PELAGIC,1,NO PROBLEM,12.32,A035,132,N,211.2,48,48,57.96,-170.815,57.87167,-171.09833,ATL,854,B,0,21-Jun-19,62,PACIFIC SLEEPER SHARK,NA,321,4,266.72,4,266.72,11-Jul-22,13-Jul-22,62_2019_23575_3367_427_116,57.7921577426,-171.178719785
23575,3367,2019,Mike Howard,Legacy,NA,2019-06-21,427,S,NA,4,NA,2,NA,NA,NA,N,NA,Length taken to vent,NA,'23575003367000000020','23575003367000000854',521,1,NON PELAGIC,1,NO PROBLEM,12.32,A035,132,N,211.2,48,48,57.96,-170.815,57.87167,-171.09833,ATL,854,B,0,21-Jun-19,62,PACIFIC SLEEPER SHARK,NA,321,4,266.72,4,266.72,11-Jul-22,13-Jul-22,62_2019_23575_3367_427_117,57.7921577426,-171.178719785
23575,3367,2019,Mike Howard,Legacy,NA,2019-06-21,427,S,NA,4,NA,2,NA,NA,NA,N,NA,Length taken to vent,NA,'23575003367000000020','23575003367000000854',521,1,NON PELAGIC,1,NO PROBLEM,12.32,A035,132,N,211.2,48,48,57.96,-170.815,57.87167,-171.09833,ATL,854,B,0,21-Jun-19,62,PACIFIC SLEEPER SHARK,NA,321,4,266.72,4,266.72,11-Jul-22,13-Jul-22,62_2019_23575_3367_427_118,57.7921577426,-171.178719785
23575,3367,2019,Mike Howard,Legacy,NA,2019-06-21,427,S,NA,4,NA,2,NA,NA,NA,N,NA,Length taken to vent,NA,'23575003367000000020','23575003367000000854',521,1,NON PELAGIC,1,NO PROBLEM,12.32,A035,132,N,211.2,48,48,57.96,-170.815,57.87167,-171.09833,ATL,854,B,0,21-Jun-19,62,PACIFIC SLEEPER SHARK,NA,321,4,266.72,4,266.72,11-Jul-22,13-Jul-22,62_2019_23575_3367_427_119,57.7921577426,-171.178719785
23575,3367,2019,Mike Howard,Legacy,NA,2019-06-22,431,S,2,3,NA,2,NA,NA,125,N,NA,NA,NA,'23575003367000000021','23575003367000000862',521,1,NON PELAGIC,1,NO PROBLEM,9.16,A035,132,N,184.8,44,44,57.89333,-171.06,57.96167,-170.81667,ATL,862,B,0,22-Jun-19,62,PACIFIC SLEEPER SHARK,NA,290,3,159.32,3,159.32,11-Jul-22,13-Jul-22,62_2019_23575_3367_431_120,57.9181510019,-170.938651095
23575,3367,2019,Mike Howard,Legacy,NA,2019-06-22,431,M,2,3,NA,2,NA,NA,135,N,NA,NA,NA,'23575003367000000021','23575003367000000862',521,1,NON PELAGIC,1,NO PROBLEM,9.16,A035,132,N,184.8,44,44,57.89333,-171.06,57.96167,-170.81667,ATL,862,B,0,22-Jun-19,62,PACIFIC SLEEPER SHARK,NA,290,3,159.32,3,159.32,11-Jul-22,13-Jul-22,62_2019_23575_3367_431_121,57.9181510019,-170.938651095
23575,3367,2019,Mike Howard,Legacy,NA,2019-06-22,431,M,2,3,NA,1,NA,NA,180,N,NA,NA,NA,'23575003367000000021','23575003367000000862',521,1,NON PELAGIC,1,NO PROBLEM,9.16,A035,132,N,184.8,44,44,57.89333,-171.06,57.96167,-170.81667,ATL,862,B,0,22-Jun-19,62,PACIFIC SLEEPER SHARK,NA,290,3,159.32,3,159.32,11-Jul-22,13-Jul-22,62_2019_23575_3367_431_122,57.9181510019,-170.938651095
23575,3367,2019,Mike Howard,Legacy,NA,2019-06-23,434,M,2,1,NA,2,NA,NA,185,N,NA,NA,NA,'23575003367000000021','23575003367000000868',521,1,NON PELAGIC,1,NO PROBLEM,12.11,A035,132,N,220.2,48,48,57.98333,-170.71333,57.965,-171.105,ATL,868,B,0,23-Jun-19,62,PACIFIC SLEEPER SHARK,NA,319,1,110.69,1,110.69,11-Jul-22,13-Jul-22,62_2019_23575_3367_434_123,57.9652202597,-171.265410036
25075,3414,2021,Holly Mirun,Starbound,NA,2021-08-23,434,S,NA,NA,NA,1,Y,8.46,90,Y,2,Only shark in haul,NA,'25075003414000000002','25075003414000000077',521,2,PELAGIC,1,NO PROBLEM,128.81,A091,300,N,142.8,56,44,57.25667,-171.85333,57.27,-171.85333,ATL,77,B,0,23-Aug-21,62,PACIFIC SLEEPER SHARK,NA,45280,1,8.96,3,25.49,11-Jul-22,13-Jul-22,62_2021_25075_3414_434_124,57.2386851891,-171.800333767
23575,3367,2019,Mike Howard,Legacy,NA,2019-06-23,435,M,2,1,NA,2,NA,NA,190,N,NA,NA,NA,'23575003367000000021','23575003367000000870',521,1,NON PELAGIC,1,NO PROBLEM,17.36,A035,132,N,196.8,43,43,57.96,-171.12333,57.95167,-170.76667,ATL,870,B,0,23-Jun-19,62,PACIFIC SLEEPER SHARK,NA,329,1,118.58,1,118.58,11-Jul-22,13-Jul-22,62_2019_23575_3367_435_125,57.9181510019,-170.938651095
24195,5822,2020,Cameron Hirtle,Enterprise,NA,2020-06-24,436,M,NA,1,Y,2,N,65.22,NA,Y,43601,TLnat recorded as 197,NA,'24195005822000000007','24195005822000000166',513,1,NON PELAGIC,1,NO PROBLEM,7.93,A639,120,N,226.2,38,38,57.01667,-167,57.18333,-167.01667,ATL,166,B,0,24-Jan-22,62,PACIFIC SLEEPER SHARK,NA,175,1,65.22,1,65.22,11-Jul-22,13-Jul-22,62_2020_24195_5822_436_126,57.1121533589,-167.024893367
23575,3367,2019,Mike Howard,Legacy,NA,2019-06-24,437,S,2,3,NA,2,NA,NA,125,N,NA,NA,NA,'23575003367000000021','23575003367000000874',521,1,NON PELAGIC,1,NO PROBLEM,13.53,A035,132,N,235.8,44,44,57.965,-171.18,57.98833,-170.74833,ATL,874,B,0,24-Jun-19,62,PACIFIC SLEEPER SHARK,NA,307,3,152.15,3,152.15,11-Jul-22,13-Jul-22,62_2019_23575_3367_437_127,58.0436530978,-170.696860615
23575,3367,2019,Mike Howard,Legacy,NA,2019-06-24,437,M,2,3,NA,1,NA,NA,182,N,NA,NA,NA,'23575003367000000021','23575003367000000874',521,1,NON PELAGIC,1,NO PROBLEM,13.53,A035,132,N,235.8,44,44,57.965,-171.18,57.98833,-170.74833,ATL,874,B,0,24-Jun-19,62,PACIFIC SLEEPER SHARK,NA,307,3,152.15,3,152.15,11-Jul-22,13-Jul-22,62_2019_23575_3367_437_128,58.0436530978,-170.696860615
23575,3367,2019,Mike Howard,Legacy,NA,2019-06-24,437,M,2,3,NA,1,NA,NA,135,N,NA,NA,NA,'23575003367000000021','23575003367000000874',521,1,NON PELAGIC,1,NO PROBLEM,13.53,A035,132,N,235.8,44,44,57.965,-171.18,57.98833,-170.74833,ATL,874,B,0,24-Jun-19,62,PACIFIC SLEEPER SHARK,NA,307,3,152.15,3,152.15,11-Jul-22,13-Jul-22,62_2019_23575_3367_437_129,58.0436530978,-170.696860615
23575,3367,2019,Mike Howard,Legacy,NA,2019-06-24,438,S,2,3,NA,2,NA,NA,110,N,NA,NA,NA,'23575003367000000021','23575003367000000876',521,1,NON PELAGIC,1,NO PROBLEM,3.99,A035,132,N,243,47,47,57.99667,-170.73333,57.99167,-171.15167,ATL,876,B,0,24-Jun-19,62,PACIFIC SLEEPER SHARK,NA,178,3,442.88,3,442.88,11-Jul-22,13-Jul-22,62_2019_23575_3367_438_130,57.9652202597,-171.265410036
23575,3367,2019,Mike Howard,Legacy,NA,2019-06-24,438,M,2,3,NA,2,NA,NA,225,N,NA,NA,NA,'23575003367000000021','23575003367000000876',521,1,NON PELAGIC,1,NO PROBLEM,3.99,A035,132,N,243,47,47,57.99667,-170.73333,57.99167,-171.15167,ATL,876,B,0,24-Jun-19,62,PACIFIC SLEEPER SHARK,NA,178,3,442.88,3,442.88,11-Jul-22,13-Jul-22,62_2019_23575_3367_438_131,57.9652202597,-171.265410036
23575,3367,2019,Mike Howard,Legacy,NA,2019-06-24,438,M,2,3,NA,1,NA,NA,243,N,NA,NA,NA,'23575003367000000021','23575003367000000876',521,1,NON PELAGIC,1,NO PROBLEM,3.99,A035,132,N,243,47,47,57.99667,-170.73333,57.99167,-171.15167,ATL,876,B,0,24-Jun-19,62,PACIFIC SLEEPER SHARK,NA,178,3,442.88,3,442.88,11-Jul-22,13-Jul-22,62_2019_23575_3367_438_132,57.9652202597,-171.265410036
23575,3367,2019,Mike Howard,Legacy,NA,2019-06-24,439,M,2,2,NA,2,NA,NA,130,N,NA,NA,NA,'23575003367000000021','23575003367000000878',521,1,NON PELAGIC,1,NO PROBLEM,10.5,A035,132,N,255,44,44,57.985,-171.12167,57.95833,-170.75167,ATL,878,B,0,24-Jun-19,62,PACIFIC SLEEPER SHARK,NA,208,2,138.01,2,138.01,11-Jul-22,13-Jul-22,62_2019_23575_3367_439_133,58.0436530978,-170.696860615
23575,3367,2019,Mike Howard,Legacy,NA,2019-06-24,439,M,2,2,NA,2,NA,NA,175,N,NA,NA,NA,'23575003367000000021','23575003367000000878',521,1,NON PELAGIC,1,NO PROBLEM,10.5,A035,132,N,255,44,44,57.985,-171.12167,57.95833,-170.75167,ATL,878,B,0,24-Jun-19,62,PACIFIC SLEEPER SHARK,NA,208,2,138.01,2,138.01,11-Jul-22,13-Jul-22,62_2019_23575_3367_439_134,58.0436530978,-170.696860615
23575,3367,2019,Mike Howard,Legacy,NA,2019-06-24,440,S,2,1,NA,2,NA,NA,129,N,NA,NA,NA,'23575003367000000021','23575003367000000880',521,1,NON PELAGIC,1,NO PROBLEM,15.07,A035,132,N,232.8,48,48,57.95833,-170.75333,57.95333,-171.15167,ATL,880,B,0,24-Jun-19,62,PACIFIC SLEEPER SHARK,NA,405,1,31.26,1,31.26,11-Jul-22,13-Jul-22,62_2019_23575_3367_440_135,57.9652202597,-171.265410036
23575,3367,2019,Mike Howard,Legacy,NA,2019-06-24,441,M,2,1,NA,2,NA,NA,153,N,NA,NA,NA,'23575003367000000021','23575003367000000882',521,1,NON PELAGIC,1,NO PROBLEM,14.72,A035,132,N,252,43,43,57.955,-171.13167,57.97,-170.72333,ATL,882,B,0,24-Jun-19,62,PACIFIC SLEEPER SHARK,NA,382,1,60.01,1,60.01,11-Jul-22,13-Jul-22,62_2019_23575_3367_441_136,58.0436530978,-170.696860615
23575,3367,2019,Mike Howard,Legacy,NA,2019-06-25,443,M,2,1,NA,2,NA,NA,165,N,NA,NA,NA,'23575003367000000021','23575003367000000886',524,1,NON PELAGIC,1,NO PROBLEM,8.77,A035,132,N,267,43,43,58.01833,-170.78833,58.10833,-170.725,ATL,886,B,0,25-Jun-19,62,PACIFIC SLEEPER SHARK,NA,250,1,60.01,1,60.01,11-Jul-22,13-Jul-22,62_2019_23575_3367_443_137,58.0436530978,-170.696860615
23575,3367,2019,Mike Howard,Legacy,NA,2019-06-26,447,M,2,1,NA,1,NA,NA,136,N,NA,NA,NA,'23575003367000000021','23575003367000000894',524,1,NON PELAGIC,1,NO PROBLEM,9.47,A035,132,N,238.2,43,43,57.98667,-171.13667,58.03,-170.73167,ATL,894,B,0,26-Jun-19,62,PACIFIC SLEEPER SHARK,NA,244,1,42.02,1,42.02,11-Jul-22,13-Jul-22,62_2019_23575_3367_447_138,58.0436530978,-170.696860615
25075,3414,2021,Holly Mirun,Starbound,NA,2021-08-28,449,S,NA,NA,NA,1,Y,5.33,80,Y,3,Only shark in haul,NA,'25075003414000000002','25075003414000000092',521,2,PELAGIC,1,NO PROBLEM,103.68,A091,300,N,346.2,50,38,58.35167,-171.82167,58.41833,-172.10667,ATL,92,B,0,28-Aug-21,62,PACIFIC SLEEPER SHARK,NA,36195,1,5.33,3,15.27,11-Jul-22,13-Jul-22,62_2021_25075_3414_449_139,58.401725919,-172.104496476
23575,3367,2019,Mike Howard,Legacy,NA,2019-06-26,451,M,2,1,NA,1,NA,NA,169,N,NA,NA,NA,'23575003367000000021','23575003367000000902',524,1,NON PELAGIC,1,NO PROBLEM,14.61,A035,132,N,195,43,43,57.97,-170.79,58.15667,-170.73833,ATL,902,B,0,26-Jun-19,62,PACIFIC SLEEPER SHARK,NA,302,1,60.01,1,60.01,11-Jul-22,13-Jul-22,62_2019_23575_3367_451_140,58.2170053696,-170.781783018
24381,3357,2020,Brianna Thorson,Phoenix,NA,2020-07-31,464,M,NA,1,Y,1,N,43.06,135,Y,464001,NA,NA,'24381003357000000003','24381003357000000092',521,2,PELAGIC,1,NO PROBLEM,68.03,A039,276,N,430.8,74,64,59.98333,-176.03333,59.83333,-176,ATL,92,B,0,31-Jul-20,62,PACIFIC SLEEPER SHARK,NA,20103,1,43.06,3,145.72,11-Jul-22,13-Jul-22,62_2020_24381_3357_464_141,59.8182013704,-176.151045134
22914,2718,2018,Todd Miral,Clipper Surprise,NA,2018-09-25,480,S,NA,NA,NA,1,NA,11.84,91,N,NA,Code 10/Clean hook,NA,'22914002718000000083','22914002718000006400',523,8,LONGLINER,1,NO PROBLEM,4.79,A153,128,N,628.2,94,NA,56.54167,-172.69,56.655,-172.54,ATL,6400,B,0,30-Dec-21,62,PACIFIC SLEEPER SHARK,NA,4914,1,11.84,3,35.27,11-Jul-22,13-Jul-22,62_2018_22914_2718_480_142,56.6818642119,-172.402988395
24330,3414,2020,Michelle Emmert,Starbound,NA,2020-09-23,480,NA,NA,1,Y,2,N,NA,NA,N,NA,did not sample,"TLnat = 221, wt based on L/W table",'24330003414000000008','24330003414000000210',524,2,PELAGIC,1,NO PROBLEM,100.47,A091,300,N,825,140,128,59.905,-178.86667,60.12333,-178.84333,ATL,210,B,0,31-Mar-22,62,PACIFIC SLEEPER SHARK,NA,35423,1,95.99,3,272.25,11-Jul-22,13-Jul-22,62_2020_24330_3414_480_143,60.1983867952,-178.758296085
24330,3414,2020,Michelle Emmert,Starbound,NA,2020-09-26,484,S,NA,1,Y,2,N,15.2,100,Y,48406,"small shark, both eyes collected",NA,'24330003414000000008','24330003414000000215',524,2,PELAGIC,1,NO PROBLEM,105.46,A091,300,N,840,121,109,59.875,-178.81167,60.11,-178.87667,ATL,215,B,0,31-Mar-22,62,PACIFIC SLEEPER SHARK,NA,35077,1,15.2,3,45.7,11-Jul-22,13-Jul-22,62_2020_24330_3414_484_144,60.0585208377,-178.983344383
24330,3414,2020,Michelle Emmert,Starbound,NA,2020-09-29,491,S,NA,1,Y,2,N,5.02,73,Y,49101,"small shark, both eyes collected",NA,'24330003414000000008','24330003414000000222',524,2,PELAGIC,1,NO PROBLEM,16.28,A091,300,N,198,108,96,60.015,-178.955,60.09333,-178.93833,ATL,222,B,0,31-Mar-22,62,PACIFIC SLEEPER SHARK,NA,7121,1,5.02,2,11.48,11-Jul-22,13-Jul-22,62_2020_24330_3414_491_145,60.0585208377,-178.983344383
23636,3794,2019,Rulon Hardy,Alaska Ocean,NA,2019-09-09,493,M,NA,1,UNK,2,N,NA,133,N,NA,NA,Tagged,'23636003794000000011','23636003794000001180',521,2,PELAGIC,1,NO PROBLEM,87.6,A115,376,N,379.8,70,46,59.18,-174.895,59.085,-174.75833,ATL,1180,B,0,9-Sep-19,62,PACIFIC SLEEPER SHARK,NA,30224,1,31.26,3,90.6,11-Jul-22,13-Jul-22,62_2019_23636_3794_493_146,59.0322425588,-174.663447608
25036,3835,2021,DeCorey Bolton Jr,Seafisher,NA,2021-07-18,539,M,NA,1,NA,1,Y,NA,201,N,53904,Only shark in haul,NA,'25036003835000000004','25036003835000000051',620,1,NON PELAGIC,1,NO PROBLEM,10.92,A276,230,N,174,89,89,55.63167,-155.84,55.76167,-156.01167,ATL,51,B,0,18-Jul-21,62,PACIFIC SLEEPER SHARK,NA,226,1,268.58,1,268.58,11-Jul-22,13-Jul-22,62_2021_25036_3835_539_147,55.8131387994,-155.982063243
25036,3835,2021,DeCorey Bolton Jr,Seafisher,NA,2021-07-19,542,L,NA,1,NA,2,N,NA,309,N,54204,Only shark in haul,NA,'25036003835000000004','25036003835000000054',620,1,NON PELAGIC,1,NO PROBLEM,33.44,A276,230,N,312,75,75,56.31667,-155.875,56.07667,-155.97667,ATL,54,B,0,19-Jul-21,62,PACIFIC SLEEPER SHARK,NA,496,1,405.95,1,405.95,11-Jul-22,13-Jul-22,62_2021_25036_3835_542_148,55.9924890634,-155.991638505
25036,3835,2021,DeCorey Bolton Jr,Seafisher,NA,2021-07-19,544,L,NA,1,NA,1,Y,NA,346,N,54407,Only shark in haul,NA,'25036003835000000004','25036003835000000056',620,1,NON PELAGIC,1,NO PROBLEM,50.2,A276,230,N,304.8,75,75,55.80167,-156.02333,56.11333,-155.97333,ATL,56,B,0,19-Jul-21,62,PACIFIC SLEEPER SHARK,NA,586,1,585.23,1,585.23,11-Jul-22,13-Jul-22,62_2021_25036_3835_544_149,56.1717973744,-156.001306704
24207,2110,2020,"Ryan Turette, Evan Tucker",Cape Horn,NA,2020-07-16,595,S,NA,1,Y,1,Y,1.7,44,Y,"595-1, 595-2",24356,NA,'24207002110000000003','24207002110000000122',521,1,NON PELAGIC,1,NO PROBLEM,2.88,A077,158,N,409.8,203,203,59.35,-177.75,59.51667,-177.66667,ATL,122,B,0,31-Mar-22,62,PACIFIC SLEEPER SHARK,NA,182,1,1.7,15,24.9,11-Jul-22,13-Jul-22,62_2020_24207_2110_595_150,59.4727875341,-177.542080744
22586,1248,2018,Dan Garatea,Baranof,NA,2018-06-25,608,L,1,1,Y,NA,NA,NA,NA,N,NA,NA,NA,'22586001248000000076','22586001248000004530',650,8,LONGLINER,10,CONSIDERABLE SPERM WHALE PR,5.38,A562,180,Y,748.2,323,NA,54.51333,-134.035,54.57667,-134.04,ATL,4530,B,0,30-Dec-21,62,PACIFIC SLEEPER SHARK,NA,2232,1,0,3,98,11-Jul-22,13-Jul-22,62_2018_22586_1248_608_151,54.532281372,-133.955062232
25114,2134,2021,Malik Breland,Ocean Peace,NA,2021-10-18,2073,L,2,1,NA,2,N,1213,NA,Y,207301,The length used was the total length (TL=465cm). Eyes are in separate bags.,NA,'25114002134000000004','25114002134000000029',541,1,NON PELAGIC,1,NO PROBLEM,13.25,A110,219,N,295.8,68,68,51.96083,-172.06583,52.02194,-172.00722,ATL,29,B,0,2-May-22,62,PACIFIC SLEEPER SHARK,NA,213,1,1213.3,1,1213.3,11-Jul-22,13-Jul-22,62_2021_25114_2134_2073_152,51.9711439266,-172.071308739
23581,3245,2019,Samantha Rogers,Seattle Enterprise,NA,2019-06-23,190,S,in hand,1,NA,2,NA,4.26,85,N,NA,TL 91cm,NA,'23581003245000000010','23581003245000000568',517,2,PELAGIC,1,NO PROBLEM,116.6,A045,270,N,220.2,76,59,55.95167,-168.08167,55.92333,-168.145,ATL,568,B,0,23-Jun-19,62,PACIFIC SLEEPER SHARK,NA,35390,1,4.26,3,14.04,11-Jul-22,13-Jul-22,62_2019_23581_3245_190_153,55.9893094993,-168.04373405
24807,3367,2021,Daniel Han,Legacy,NA,2021-05-01,196,L,1,1,NA,2,N,NA,NA,Y,19601,Whole length up to notch taken 370 cm. Couldn't access whole shark as it was stuck b/w live tank chute doors + deck ramp. Deckhand helped cut out left eye,NA,'24807003367000000006','24807003367000000045',541,1,NON PELAGIC,1,NO PROBLEM,22.87,A035,132,N,229.2,265,265,53.025,-170.435,52.86333,-170.61,ATL,45,B,0,1-May-21,62,PACIFIC SLEEPER SHARK,NA,273,1,585.23,1,585.23,11-Jul-22,13-Jul-22,62_2021_24807_3367_196_154,52.8639202947,-170.621277951
24836,4635,2021,Samantha Burgess,Defender,NA,2021-05-28,258,M,NA,1,NA,2,N,NA,165,N,NA,"Weight from NMFS weight-length table, still alive, no eyeballs taken",NA,'24836004635000000002','24836004635000000052',524,1,NON PELAGIC,1,NO PROBLEM,3.73,A486,123,N,198,45,42,58.22333,-170.96667,58.04167,-170.925,ATL,52,B,0,11-Feb-22,62,PACIFIC SLEEPER SHARK,NA,222,1,44.27,1,44.27,11-Jul-22,13-Jul-22,62_2021_24836_4635_258_155,58.0913601883,-171.024470789
23581,3245,2019,Samantha Rogers,Seattle Enterprise,NA,2019-07-24,266,S,in hand,1,NA,2,NA,13.5,113,N,NA,TL 137cm,NA,'23581003245000000013','23581003245000000738',517,2,PELAGIC,1,NO PROBLEM,75.14,A045,270,N,225,130,110,55.21333,-167.64667,55.37167,-167.99667,ATL,738,B,0,24-Jul-19,62,PACIFIC SLEEPER SHARK,NA,24534,1,13.5,3,41.35,11-Jul-22,13-Jul-22,62_2019_23581_3245_266_156,55.3424656044,-168.079086982
23581,3245,2019,Samantha Rogers,Seattle Enterprise,NA,2019-08-04,295,S,in hand,2,NA,2,NA,5.88,83,N,NA,NA,Tagged for Cindy's special project,'23581003245000000014','23581003245000000802',517,2,PELAGIC,1,NO PROBLEM,127.44,A045,270,N,307.8,114,93,55.25167,-167.815,55.47667,-168.215,ATL,802,B,0,4-Aug-19,62,PACIFIC SLEEPER SHARK,NA,46593,1,5.88,3,16.08,11-Jul-22,13-Jul-22,62_2019_23581_3245_295_157,55.5179721124,-168.145752483
25021,3367,2021,Thomas Wesselhott,Legacy,NA,2021-07-10,313,L,NA,1,NA,2,N,NA,400,N,NA,Took 2 photos,NA,'25021003367000000004','25021003367000000012',541,1,NON PELAGIC,1,NO PROBLEM,15.21,A035,132,N,226.2,260,260,52.85167,-170.68667,53.00833,-170.455,ATL,12,B,0,24-May-22,62,PACIFIC SLEEPER SHARK,NA,364,1,750.88,1,750.88,11-Jul-22,13-Jul-22,62_2021_25021_3367_313_158,52.9897197585,-170.408919307
25021,3367,2021,Thomas Wesselhott,Legacy,NA,2021-07-12,316,L,NA,1,NA,NA,N,NA,363,N,NA,NA,NA,'25021003367000000004','25021003367000000015',541,1,NON PELAGIC,1,NO PROBLEM,15.85,A035,132,N,247.8,260,260,52.86,-170.69833,53,-170.46667,ATL,15,B,0,24-May-22,62,PACIFIC SLEEPER SHARK,NA,498,1,560.32,1,560.32,11-Jul-22,13-Jul-22,62_2021_25021_3367_316_159,52.9897197585,-170.408919307
23581,3245,2019,Samantha Rogers,Seattle Enterprise,NA,2019-08-19,329,S,in hand,1,NA,2,NA,28.98,115,N,NA,TL 148cm,NA,'23581003245000000015','23581003245000000876',517,2,PELAGIC,2,CRAB POT IN HAUL,110.1,A045,270,N,280.2,150,134,55.11833,-167.61167,55.11333,-167.63,ATL,876,B,0,19-Aug-19,62,PACIFIC SLEEPER SHARK,NA,38673,1,28.98,3,82.5,11-Jul-22,13-Jul-22,62_2019_23581_3245_329_160,55.1112556867,-167.714784065
25075,3414,2021,Deliska Pollara,Starbound,NA,2021-08-24,436,S,NA,1,NA,1,Y,21.02,56,Y,436-1,Only one in haul,NA,'25075003414000000002','25075003414000000079',521,2,PELAGIC,1,NO PROBLEM,112.68,A091,300,N,84,57,45,57.41,-171.98833,57.49833,-171.98167,ATL,79,B,0,24-Aug-21,62,PACIFIC SLEEPER SHARK,NA,32476,1,21.02,3,72.93,11-Jul-22,13-Jul-22,62_2021_25075_3414_436_161,57.5840161672,-171.977910833
25075,3414,2021,Deliska Pollara,Starbound,NA,2021-08-27,448,S,NA,1,NA,1,Y,24.86,102,Y,448-1,In sample 2,NA,'25075003414000000002','25075003414000000091',521,2,PELAGIC,1,NO PROBLEM,90.69,A091,300,N,97.8,50,38,58.34167,-171.78833,58.325,-171.93667,ATL,91,B,0,27-Aug-21,62,PACIFIC SLEEPER SHARK,NA,30123,1,24.86,3,74.84,11-Jul-22,13-Jul-22,62_2021_25075_3414_448_162,58.3568413748,-171.77250546
